<?xml version="1.0" encoding="UTF-8"?>
<project-private xmlns="http://www.netbeans.org/ns/project-private/1">
    <editor-bookmarks xmlns="http://www.netbeans.org/ns/editor-bookmarks/2" lastBookmarkId="0"/>
    <open-files xmlns="http://www.netbeans.org/ns/projectui-open-files/2">
        <group>
            <file>file:/C:/xampp/htdocs/ecommerce/application/controllers/Accounts.php</file>
            <file>file:/C:/xampp/htdocs/ecommerce/application/views/admins/product.php</file>
            <file>file:/C:/xampp/htdocs/ecommerce/application/views/templates/adminheader.php</file>
            <file>file:/C:/xampp/htdocs/ecommerce/application/views/admins/transaction.php</file>
            <file>file:/C:/xampp/htdocs/ecommerce/application/views/accounts/register.php</file>
            <file>file:/C:/xampp/htdocs/ecommerce/application/controllers/Admins.php</file>
            <file>file:/C:/xampp/htdocs/ecommerce/application/views/accounts/login_view.php</file>
            <file>file:/C:/xampp/htdocs/ecommerce/application/models/Transaction_model.php</file>
            <file>file:/C:/xampp/htdocs/ecommerce/application/models/Admin_model.php</file>
            <file>file:/C:/xampp/htdocs/ecommerce/application/models/Repository_model.php</file>
            <file>file:/C:/xampp/htdocs/ecommerce/application/controllers/Transactions.php</file>
            <file>file:/C:/xampp/htdocs/ecommerce/application/views/templates/adminfooter.php</file>
        </group>
    </open-files>
</project-private>
